{
  "$schema": "https://raw.githubusercontent.com/grafana/grafana/master/docs/sources/developers/plugins/plugin.schema.json",
  "type": "panel",
  "name": "Mapgl",
  "id": "vaduga-mapgl-panel",
  "info": {
    "keywords": [
      "map",
      "zabbix",
      "cluster map",
      "geomap",
      "geojson",
      "network",
      "topology",
      "deck.gl","deck.gl"],
    "description": "Network topology geomap with deck.gl",
    "author": {
      "name": "Vadim Pyatakov"
    },
    "logos": {
      "small": "img/logo.png",
      "large": "img/logo.png"
    },
    "links": [
         {
        "name": "Website",
        "url": "https://mapgl.org"
      },
      {
        "name": "License",
        "url": "https://github.com/vaduga/mapgl-community/blob/main/LICENSE"
      }
    ],
    "screenshots": [
      {
        "name": "Aggregation",
        "path": "img/aggr.gif"
      },
         {
        "name": "Overview",
        "path": "img/screenshot1.png"
      },
       {
        "name": "Options",
        "path": "img/screenshot2.png"
      }
    ],
    "version": "1.1.0",
    "updated": "2024-01-04"
  },
  "dependencies": {
    "grafanaDependency": ">=9.2.5",
    "plugins": []
  }
}
